angielski,polski,rotten,zgniły
angielski,polski,descendant,potomek
angielski,polski,ancestors,przodkowie
angielski,polski,siblings,rodzeństwo
angielski,polski,vacuum,odkurzać
angielski,polski,neglected,zaniedbany
angielski,polski,replenish,uzupełniać
angielski,polski,prior,wcześniejszy
angielski,polski,consecutive,kolejny
angielski,polski,comprise,zawierać
angielski,polski,realm,królestwo
angielski,polski,upon,na
angielski,polski,misplaced,niesłuszna
angielski,polski,overseas,za granicą
angielski,polski,surcharge,dopłata
angielski,polski,enhanced,wzmocnione
angielski,polski,anxious,niespokojny
angielski,polski,tranquilizer,środek uspokajający
angielski,polski,volatile,lotny
angielski,polski,digestive system,układ trawienny
angielski,polski,lashes,rzęsy
angielski,polski,cross reference,Odsyłacze
angielski,polski,disposable,jednorazowy
angielski,polski,conducted,przeprowadzone
angielski,polski,endorsed,zatwierdzony
angielski,polski,endorse,podpisać się
angielski,polski,insult,obraza
angielski,polski,confidence,pewność siebie
angielski,polski,sustain,ponieść
angielski,polski,conduct,postępek
angielski,polski,descent,zejście
angielski,polski,harvester,żniwiarz
angielski,polski,aid agencies,agencje pomocowe
angielski,polski,revealed,ujawnił
polski,angielski,surogat,surrogate
angielski,polski,durum,durum
polski,angielski,kukurydza,maize
polski,angielski,żyti,żyti
polski,angielski,żytni,rye
polski,angielski,narracyjny,narrative
angielski,polski,invevitable,nieunikniony
angielski,polski,enforce,egzekwować
angielski,polski,emerge,wyłaniać się
angielski,polski,revel,biesiada
angielski,polski,reveal,odsłonić
angielski,polski,impeachment,oskarżenie
angielski,polski,modest,skromny
angielski,polski,authority,autorytet
angielski,polski,smuggler,przemytnik
angielski,polski,contradiction,sprzeczność
angielski,polski,profound,głęboki
angielski,polski,misread,błędnie odczytany
angielski,polski,venturing into,wyruszą
angielski,polski,pledge,zastaw
angielski,polski,sledge,sanki
angielski,polski,cavity,wgłębienie
angielski,polski,vulnerability,wrażliwość
polski,angielski,podatność,susceptibility
angielski,polski,serene,spokojny
polski,angielski,wesoły,cheerful
polski,angielski,zgorzkniały,embittered
angielski,polski,humiliate,upokarzać
angielski,polski,hummus,Hummus
angielski,polski,whimper,biadolić
angielski,polski,stroke,uderzenie
angielski,polski,admire,podziwiać
angielski,polski,bound,granica
angielski,polski,sights,osobliwości miasta
angielski,polski,spatial,przestrzenny
angielski,polski,verticles,wierzchołki
angielski,polski,agility,zwinność
włoski,polski,agility,zwinność
angielski,polski,suppress,stłumić
angielski,polski,substitute,zastąpić
angielski,polski,fractured,spękane
angielski,polski,jagged,szczerbaty
angielski,polski,cane,trzcinowy
angielski,polski,convicted of,skazany za
angielski,polski,convinced,przekonany
angielski,polski,to deflate,do gaszenia
angielski,polski,to inflate,nadmuchać
angielski,polski,inflatable,nadmuchiwane
angielski,polski,relief,ulga
angielski,polski,committed,zobowiązany
angielski,polski,inquire,dowiadywać się
angielski,polski,custody,opieka
angielski,polski,reasonable,rozsądny
angielski,polski,insight,wgląd
angielski,polski,arbitrary,arbitralny
angielski,polski,insulting,obraźliwy
angielski,polski,overlap,zakładka
angielski,polski,shrink,kurczyć się
angielski,polski,commitment,zaangażowanie
angielski,polski,regardless,bez względu
angielski,polski,aligned,Wyrównany
angielski,polski,inflated,nadmuchany
angielski,polski,disruption,zakłócenie
angielski,polski,frankly,szczerze
angielski,polski,retribution,zemsta
angielski,polski,crisply,chrupkoo
angielski,polski,stake,stawka
angielski,polski,genuine,prawdziwy
angielski,polski,comprehension,zrozumienie
angielski,polski,distract,rozpraszać
angielski,polski,public safety officials,urzędnicy bezpieczeństwa publicznego
angielski,polski,as well as,jak również
angielski,polski,due to,spowodowany
angielski,polski,refugees,uchodźcy
angielski,polski,x-ray,rentgenowski
angielski,polski,blast,podmuch
angielski,polski,revenue,dochód
angielski,polski,lashing out,wiązania się
angielski,polski,curb,krawężnik
angielski,polski,laid up,odłożona
angielski,polski,encounter,spotkanie
angielski,polski,read up,zaznajomić się
angielski,polski,enroll,zapisać
angielski,polski,feedback,informacje zwrotne
angielski,polski,back and forth,w przód i w tył
angielski,polski,venue,miejsce
angielski,polski,imperative,tryb rozkazujący
angielski,polski,bizarre,dziwaczny
angielski,polski,verbatim,dosłownie
angielski,polski,imply,sugerować
angielski,polski,preserve,zachować
angielski,polski,induce,spowodować
angielski,polski,ternary,potrójny
angielski,polski,frontier,granica
angielski,polski,affiliation,przynależność
angielski,polski,Rugged Tools,wytrzymałe Narzędzia
angielski,polski,interior,wnętrze
angielski,polski,attendance,frekwencja
angielski,polski,overhead,nad głową
angielski,polski,aisle,przejście
angielski,polski,compliant,zgodny
angielski,polski,Ambiguity,Dwuznaczność
angielski,polski,preserves,przetwory
angielski,polski,reveals,ujawnia
angielski,polski,ascend,wspiąć się
angielski,polski,proprietary,prawnie zastrzeżony
angielski,polski,yielded by,uzyskane z
angielski,polski,ascending,rosnąco
angielski,polski,non-overlapping,bez nakładania
angielski,polski,obtained,uzyskane
angielski,polski,literal,dosłowny
angielski,polski,adjacent,sąsiadujący
angielski,polski,adjacent to,sąsiedztwie
angielski,polski,substitutes,substytuty
angielski,polski,yield,wydajność